DE,Dispozitive electronice
SS,Semnale si sisteme
ALGAD,Algebra liniara si geometrie analitica si diferentiala
EFM,Ecuatiile fizicii matematice
ALGAD,Algebra liniara si geometrie analitica si diferentiala
EFM,Ecuatiile fizicii matematice
ALGAD,Algebra liniara si geometrie analitica si diferentiala
EFM,Ecuatiile fizicii matematice
ALGAD,Algebra liniara si geometrie analitica si diferentiala
EFM,Ecuatiile fizicii matematice
ALGAD,Algebra liniara si geometrie analitica si diferentiala
EFM,Ecuatiile fizicii matematice
ALGAD,Algebra liniara si geometrie analitica si diferentiala
EFM,Ecuatiile fizicii matematice
ALGAD,Algebra liniara si geometrie analitica si diferentiala
EFM,Ecuatiile fizicii matematice
ALGAD,Algebra liniara si geometrie analitica si diferentiala
EFM,Ecuatiile fizicii matematice
ALGAD,Algebra liniara si geometrie analitica si diferentiala
EFM,Ecuatiile fizicii matematice
ALGAD,Algebra liniara si geometrie analitica si diferentiala
EFM,Ecuatiile fizicii matematice
ALGAD,Algebra liniara si geometrie analitica si diferentiala
EFM,Ecuatiile fizicii matematice
ALGAD,Algebra liniara si geometrie analitica si diferentiala
EFM,Ecuatiile fizicii matematice
ALGAD,Algebra liniara si geometrie analitica si diferentiala
EFM,Ecuatiile fizicii matematice
ALGAD,Algebra liniara si geometrie analitica si diferentiala
EFM,Ecuatiile fizicii matematice
ALGAD,Algebra liniara si geometrie analitica si diferentiala
EFM,Ecuatiile fizicii matematice
ALGAD,Algebra liniara si geometrie analitica si diferentiala
EFM,Ecuatiile fizicii matematice
ALGAD,Algebra liniara si geometrie analitica si diferentiala
EFM,Ecuatiile fizicii matematice
ALGAD,Algebra liniara si geometrie analitica si diferentiala
EFM,Ecuatiile fizicii matematice
ALGAD,Algebra liniara si geometrie analitica si diferentiala
EFM,Ecuatiile fizicii matematice
ALGAD,Algebra liniara si geometrie analitica si diferentiala
EFM,Ecuatiile fizicii matematice
ALGAD,Algebra liniara si geometrie analitica si diferentiala
EFM,Ecuatiile fizicii matematice
ALGAD,Algebra liniara si geometrie analitica si diferentiala
EFM,Ecuatiile fizicii matematice
ALGAD,Algebra liniara si geometrie analitica si diferentiala
EFM,Ecuatiile fizicii matematice
ALGAD,Algebra liniara si geometrie analitica si diferentiala
EFM,Ecuatiile fizicii matematice
ALGAD,Algebra liniara si geometrie analitica si diferentiala
EFM,Ecuatiile fizicii matematice
ALGAD,Algebra liniara si geometrie analitica si diferentiala
EFM,Ecuatiile fizicii matematice
ALGAD,Algebra liniara si geometrie analitica si diferentiala
EFM,Ecuatiile fizicii matematice
ALGAD,Algebra liniara si geometrie analitica si diferentiala
EFM,Ecuatiile fizicii matematice
ALGAD,Algebra liniara si geometrie analitica si diferentiala
EFM,Ecuatiile fizicii matematice
ALGAD,Algebra liniara si geometrie analitica si diferentiala
EFM,Ecuatiile fizicii matematice
ALGAD,Algebra liniara si geometrie analitica si diferentiala
EFM,Ecuatiile fizicii matematice
ALGAD,Algebra liniara si geometrie analitica si diferentiala
EFM,Ecuatiile fizicii matematice
ALGAD,Algebra liniara si geometrie analitica si diferentiala
EFM,Ecuatiile fizicii matematice
ALGAD,Algebra liniara si geometrie analitica si diferentiala
EFM,Ecuatiile fizicii matematice
ALGAD,Algebra liniara si geometrie analitica si diferentiala
EFM,Ecuatiile fizicii matematice
ALGAD,Algebra liniara si geometrie analitica si diferentiala
EFM,Ecuatiile fizicii matematice
ALGAD,Algebra liniara si geometrie analitica si diferentiala
EFM,Ecuatiile fizicii matematice
ALGAD,Algebra liniara si geometrie analitica si diferentiala
EFM,Ecuatiile fizicii matematice
ALGAD,Algebra liniara si geometrie analitica si diferentiala
EFM,Ecuatiile fizicii matematice
ALGAD,Algebra liniara si geometrie analitica si diferentiala
EFM,Ecuatiile fizicii matematice
ALGAD,Algebra liniara si geometrie analitica si diferentiala
EFM,Ecuatiile fizicii matematice
ALGAD,Algebra liniara si geometrie analitica si diferentiala
EFM,Ecuatiile fizicii matematice
ALGAD,Algebra liniara si geometrie analitica si diferentiala
EFM,Ecuatiile fizicii matematice
ALGAD,Algebra liniara si geometrie analitica si diferentiala
EFM,Ecuatiile fizicii matematice
ALGAD,Algebra liniara si geometrie analitica si diferentiala
EFM,Ecuatiile fizicii matematice
ALGAD,Algebra liniara si geometrie analitica si diferentiala
EFM,Ecuatiile fizicii matematice
ALGAD,Algebra liniara si geometrie analitica si diferentiala
EFM,Ecuatiile fizicii matematice
ALGAD,Algebra liniara si geometrie analitica si diferentiala
EFM,Ecuatiile fizicii matematice
ALGAD,Algebra liniara si geometrie analitica si diferentiala
EFM,Ecuatiile fizicii matematice
